{"train/learning_rate":9.12735948481387e-05,"train/epoch":0.4,"train/loss":6.8509,"_timestamp":1.7657218526249795e+09,"epoch":0.4,"lora/rank_utilization":0.45702219516452813,"train/grad_norm":0.31664979457855225,"_step":4,"lora/effective_rank_std":5.023095869466743,"_runtime":10951,"lora/stable_rank_mean":1.475152326139477,"lora/effective_rank_mean":14.6247102452649,"lora/frobenius_norm_mean":0.29026015454696286,"_wandb":{"runtime":10951},"train/global_step":200}