{"lora/frobenius_norm_mean":0.26575843309466207,"train/learning_rate":9.801910851476523e-05,"lora/effective_rank_std":5.15335028262685,"train/epoch":0.2,"lora/stable_rank_mean":1.4654087176185178,"lora/rank_utilization":0.45762698497209287,"train/global_step":100,"train/grad_norm":0.6567035913467407,"_wandb":{"runtime":4283},"epoch":0.2,"train/loss":8.8812,"lora/effective_rank_mean":14.644063519106972,"_timestamp":1.7657299007288945e+09,"_runtime":4283,"_step":2}