{"train/epoch":0.08,"_step":1,"_timestamp":1.7656468431320024e+09,"train/loss":9.3341,"train/grad_norm":1.1231539249420166,"train/learning_rate":9.968510577945043e-05,"train/global_step":100,"_wandb":{"runtime":719},"_runtime":719}